Grzegorz Rozenberg:::Systems,9
Grzegorz Rozenberg:::Grammars,9
Philip S. Yu:::Data,7
Philip S. Yu:::Distributed,6
Grzegorz Rozenberg:::Graph,6
Philip S. Yu:::a,5
Philip S. Yu:::Web,5
Philip S. Yu:::Performance,5
Philip S. Yu:::On,4
Philip S. Yu:::Analysis,4
Philip S. Yu:::Sharing,4
Philip S. Yu:::An,4
Philip S. Yu:::Systems,4
Philip S. Yu:::Dynamic,4
Philip S. Yu:::The,3
Grzegorz Rozenberg:::On,3
Philip S. Yu:::Database,3
Grzegorz Rozenberg:::Developmental,3
Philip S. Yu:::Buffer,3
Philip S. Yu:::Load,3
Grzegorz Rozenberg:::Problem,3
Philip S. Yu:::Policies,3
Grzegorz Rozenberg:::Languages,3
Philip S. Yu:::Coupling,3
Philip S. Yu:::System,3
Philip S. Yu:::Index,3
Grzegorz Rozenberg:::Equivalence,3
Philip S. Yu:::Intelligent,3
Grzegorz Rozenberg:::A,3
Philip S. Yu:::Efficient,3
Philip S. Yu:::Approach,2
Grzegorz Rozenberg:::Trees,2
Grzegorz Rozenberg:::Grammatical,2
Philip S. Yu:::Transaction,2
Philip S. Yu:::Recommendation,2
Philip S. Yu:::Environment,2
Philip S. Yu:::Pattern,2
Philip S. Yu:::A,2
Grzegorz Rozenberg:::Nonterminal,2
Grzegorz Rozenberg:::actor,2
Grzegorz Rozenberg:::graph,2
Grzegorz Rozenberg:::Forms,2
Philip S. Yu:::Multisystem,2
Philip S. Yu:::Large,2
Philip S. Yu:::Assignment,2
Philip S. Yu:::Parallel,2
Philip S. Yu:::Control,2
Philip S. Yu:::Architectures,2
Philip S. Yu:::Wide,2
Philip S. Yu:::Analyzer,2
Philip S. Yu:::Scalable,2
Grzegorz Rozenberg:::a,2
Grzegorz Rozenberg:::Controllel,2
Philip S. Yu:::Processing,2
Grzegorz Rozenberg:::Invariant,2
Grzegorz Rozenberg:::Node-Label,2
Grzegorz Rozenberg:::Coded,2
Grzegorz Rozenberg:::Codes,2
Grzegorz Rozenberg:::Terminally,2
Philip S. Yu:::web,2
Philip S. Yu:::World,2
Philip S. Yu:::Searching,1
Philip S. Yu:::Partitioning,1
Grzegorz Rozenberg:::D0L,1
Philip S. Yu:::Traversal,1
Grzegorz Rozenberg:::controlled,1
Philip S. Yu:::Mining,1
Grzegorz Rozenberg:::Fundamentals,1
Grzegorz Rozenberg:::Framework,1
Grzegorz Rozenberg:::(Towards,1
Philip S. Yu:::Indexing,1
Philip S. Yu:::Parity,1
Philip S. Yu:::Flexible,1
Grzegorz Rozenberg:::Rewriting,1
Philip S. Yu:::Average,1
Grzegorz Rozenberg:::Through,1
Philip S. Yu:::Broadcasting,1
Grzegorz Rozenberg:::Recursively,1
Grzegorz Rozenberg:::Locally,1
Grzegorz Rozenberg:::Introduction,1
Philip S. Yu:::Objects,1
Grzegorz Rozenberg:::Morphic,1
Philip S. Yu:::Multidimensional,1
Philip S. Yu:::Relations,1
Philip S. Yu:::TabSum:,1
Philip S. Yu:::Weighted-Sequences,1
Grzegorz Rozenberg:::rewriting,1
Philip S. Yu:::Sequential,1
Philip S. Yu:::arbitrary,1
Philip S. Yu:::Profile,1
Philip S. Yu:::Combination,1
Grzegorz Rozenberg:::Ciliates,1
Philip S. Yu:::predicates,1
Philip S. Yu:::topical,1
Philip S. Yu:::Write,1
Philip S. Yu:::Clusters,1
Grzegorz Rozenberg:::Text,1
Philip S. Yu:::Path,1
Philip S. Yu:::Tolerant,1
Grzegorz Rozenberg:::Formulas,1
Philip S. Yu:::Access,1
Grzegorz Rozenberg:::Catenative,1
Grzegorz Rozenberg:::Representation,1
Grzegorz Rozenberg:::Elementary,1
Grzegorz Rozenberg:::Context-Free,1
Philip S. Yu:::Response,1
Philip S. Yu:::Multi-Join,1
Grzegorz Rozenberg:::Partial,1
Philip S. Yu:::Queries,1
Philip S. Yu:::d-Clusters:,1
Philip S. Yu:::Microarray,1
Grzegorz Rozenberg:::Characterization,1
Philip S. Yu:::Mobile,1
Grzegorz Rozenberg:::edge-label,1
Philip S. Yu:::Concurrent,1
Philip S. Yu:::design,1
Grzegorz Rozenberg:::Substitution,1
Grzegorz Rozenberg:::Maps:,1
Philip S. Yu:::learning,1
Grzegorz Rozenberg:::strongly,1
Grzegorz Rozenberg:::Linear,1
Grzegorz Rozenberg:::Petri,1
Philip S. Yu:::Web-Server,1
Grzegorz Rozenberg:::Separation,1
Philip S. Yu:::Scheduling,1
Grzegorz Rozenberg:::0L,1
Philip S. Yu:::Join,1
Grzegorz Rozenberg:::ciliates,1
Grzegorz Rozenberg:::Sequence,1
Grzegorz Rozenberg:::Hyperedge,1
Philip S. Yu:::Time,1
Grzegorz Rozenberg:::Sets,1
Grzegorz Rozenberg:::grammars,1
Grzegorz Rozenberg:::Unfoldings,1
Grzegorz Rozenberg:::Channels,1
Grzegorz Rozenberg:::Representable,1
Philip S. Yu:::crawling,1
Philip S. Yu:::Balancing,1
Grzegorz Rozenberg:::Structures,1
Philip S. Yu:::Coherency,1
Grzegorz Rozenberg:::Examples,1
Grzegorz Rozenberg:::grammars:,1
Grzegorz Rozenberg:::Regular,1
Grzegorz Rozenberg:::The,1
Grzegorz Rozenberg:::Set,1
Philip S. Yu:::discovery,1
Philip S. Yu:::Hit,1
Philip S. Yu:::Parallelizable,1
Philip S. Yu:::Strategies,1
Philip S. Yu:::crawler,1
Philip S. Yu:::Discovering,1
Philip S. Yu:::Engine,1
Philip S. Yu:::Set,1
Philip S. Yu:::competitors',1
Philip S. Yu:::Issues,1
Philip S. Yu:::Second,1
Philip S. Yu:::Fault,1
Philip S. Yu:::Lock,1
Philip S. Yu:::Disk,1
Philip S. Yu:::Design,1
Philip S. Yu:::Consumption-based,1
Philip S. Yu:::S-Tree:,1
Grzegorz Rozenberg:::Systems),1
Philip S. Yu:::information,1
Grzegorz Rozenberg:::Interpretations,1
Grzegorz Rozenberg:::Complexity,1
Grzegorz Rozenberg:::Decompositions,1
Grzegorz Rozenberg:::computation,1
Grzegorz Rozenberg:::Parallel,1
Grzegorz Rozenberg:::Assembly,1
Philip S. Yu:::Improving,1
Philip S. Yu:::Web-based,1
Philip S. Yu:::Personalization,1
Philip S. Yu:::load,1
Grzegorz Rozenberg:::Complements,1
Grzegorz Rozenberg:::1:,1
Philip S. Yu:::surprising,1
Grzegorz Rozenberg:::2-Structures,1
Philip S. Yu:::Execution,1
Philip S. Yu:::Correlation,1
Philip S. Yu:::Management,1
Philip S. Yu:::DNA,1
Philip S. Yu:::Effective,1
Grzegorz Rozenberg:::Part,1
Philip S. Yu:::Association,1
Grzegorz Rozenberg:::context-free,1
Grzegorz Rozenberg:::Abelian,1
Philip S. Yu:::clustered,1
Grzegorz Rozenberg:::Enumerable,1
Philip S. Yu:::Site,1
Philip S. Yu:::Dat,1
Grzegorz Rozenberg:::coordinated,1
Grzegorz Rozenberg:::Homomorphisms,1
Grzegorz Rozenberg:::Bibliography,1
Philip S. Yu:::Automated,1
Philip S. Yu:::unexpected,1
Grzegorz Rozenberg:::Proofs,1
Grzegorz Rozenberg:::CTS,1
Philip S. Yu:::Task,1
Grzegorz Rozenberg:::L,1
Grzegorz Rozenberg:::Apex,1
Philip S. Yu:::Report,1
Philip S. Yu:::Estimators,1
Philip S. Yu:::resource,1
Philip S. Yu:::Analytic,1
Grzegorz Rozenberg:::Sentential,1
Philip S. Yu:::Databases,1
Philip S. Yu:::farm,1
Philip S. Yu:::Optimizing,1
Grzegorz Rozenberg:::Micronuclear,1
Philip S. Yu:::Dynamics,1
Grzegorz Rozenberg:::model,1
Philip S. Yu:::Minimize,1
Philip S. Yu:::Geographically,1
Grzegorz Rozenberg:::Terminal,1
Philip S. Yu:::Study,1
Philip S. Yu:::Capturing,1
Philip S. Yu:::Table,1
Grzegorz Rozenberg:::Basic,1
Grzegorz Rozenberg:::Pure,1
Philip S. Yu:::State,1
Philip S. Yu:::Advanced,1
Philip S. Yu:::Versioning,1
Philip S. Yu:::RAID-5,1
Philip S. Yu:::Arrays,1
Philip S. Yu:::Rules,1
Philip S. Yu:::E-Commerce,1
Grzegorz Rozenberg:::Cell,1
Philip S. Yu:::Handling,1
Grzegorz Rozenberg:::notions,1
Philip S. Yu:::periodic,1
Grzegorz Rozenberg:::Transition,1
Philip S. Yu:::patterns,1
Grzegorz Rozenberg:::Selective,1
Grzegorz Rozenberg:::E0L,1
Grzegorz Rozenberg:::String,1
Philip S. Yu:::Online,1
Grzegorz Rozenberg:::languages,1
Grzegorz Rozenberg:::Definitions,1
Philip S. Yu:::Characterization,1
Grzegorz Rozenberg:::Undecidability,1
Philip S. Yu:::Wireless,1
Philip S. Yu:::mining,1
Philip S. Yu:::Computing,1
Philip S. Yu:::Structure,1
Philip S. Yu:::Patterns,1
Grzegorz Rozenberg:::Solution,1
Philip S. Yu:::Robust,1
Grzegorz Rozenberg:::Labeled,1
Philip S. Yu:::Evaluation,1
Philip S. Yu:::Caching,1
Grzegorz Rozenberg:::Nets,1
Philip S. Yu:::Generation,1
Philip S. Yu:::Increasing,1
Grzegorz Rozenberg:::Gene,1
Philip S. Yu:::Algorithms,1
Philip S. Yu:::Servers,1
Grzegorz Rozenberg:::An,1
Grzegorz Rozenberg:::Genes,1
Grzegorz Rozenberg:::Direct,1
Philip S. Yu:::Similarity,1
Grzegorz Rozenberg:::grammar,1
Philip S. Yu:::Query,1
Grzegorz Rozenberg:::DOS,1
Grzegorz Rozenberg:::Reduction,1
Philip S. Yu:::Comparative,1
Philip S. Yu:::Tasks,1
Grzegorz Rozenberg:::Event,1
Grzegorz Rozenberg:::Context-free,1
Philip S. Yu:::Throughput,1
Philip S. Yu:::sites,1
Philip S. Yu:::Optimization,1
Philip S. Yu:::Subspace,1
Philip S. Yu:::Versioning:,1
Philip S. Yu:::Summarization,1
Philip S. Yu:::International,1
Grzegorz Rozenberg:::Patterns,1
Philip S. Yu:::Multiprocessor,1
Philip S. Yu:::Partitioned,1
Philip S. Yu:::Server,1
Philip S. Yu:::Allocation,1
Philip S. Yu:::balancing,1
Philip S. Yu:::Information,1
Philip S. Yu:::Finite,1
Philip S. Yu:::Optimal,1
Grzegorz Rozenberg:::Generation,1
Philip S. Yu:::Heterogeneous,1
Grzegorz Rozenberg:::Layers,1
Philip S. Yu:::Infominer:,1
Philip S. Yu:::Multimedia,1
Grzegorz Rozenberg:::DNLC,1
Philip S. Yu:::Prediction,1
Philip S. Yu:::Portal,1
Philip S. Yu:::Probability,1
Philip S. Yu:::Grouping,1
Philip S. Yu:::Concurrency,1
Philip S. Yu:::Workshop,1
